grid	np	iters	total_time_s	iter_time_ms
2048	1	50	0.643486	12.869720
2048	4	50	0.312388	6.247760
2048	9	50	0.305175	6.103500
