grid	np	iters	total_time_s	iter_time_ms
2048	1	50	0.824228	16.484560
2048	4	50	0.451506	9.030120
2048	9	50	0.350543	7.010860
