local_n	grid	np	iters	total_time_s	iter_time_ms
512	512	1	200	0.172915	0.864575
512	1024	4	200	0.240947	1.204735
512	1536	9	200	0.715484	3.577420
