local_n	grid	np	iters	total_time_s	iter_time_ms
512	512	1	200	0.161746	0.808730
512	1024	4	200	0.339300	1.696500
512	1536	9	200	0.976375	4.881875
