grid	np	iters	total_time_s	iter_time_ms
2048	1	50	0.670700	13.414000
2048	4	50	0.322101	6.442020
2048	9	50	0.418399	8.367980
