local_n	grid	np	iters	total_time_s	iter_time_ms
512	512	1	200	0.147643	0.738215
512	1024	4	200	0.256246	1.281230
512	1536	9	200	0.680561	3.402805
